filename,prediction,prediction_confidence,full_labels
1_0.jpg,fear,0.38351646065711975,"[{'angry': 0.33417871594429016}, {'disgust': 0.007862000726163387}, {'fear': 0.38351646065711975}, {'happy': 0.2105707973241806}, {'sad': 0.011881764978170395}, {'surprise': 0.0030304063111543655}, {'neutral': 0.04895983263850212}]"
2_0.jpg,happy,0.747291088104248,"[{'angry': 0.09061982482671738}, {'disgust': 0.000242172391153872}, {'fear': 0.1102699264883995}, {'happy': 0.747291088104248}, {'sad': 0.002082310849800706}, {'surprise': 0.02887050062417984}, {'neutral': 0.020624013617634773}]"
3_0.jpg,angry,0.9155159592628479,"[{'angry': 0.9155159592628479}, {'disgust': 0.017391681671142578}, {'fear': 0.0002535007370170206}, {'happy': 0.016614262014627457}, {'sad': 0.010954146273434162}, {'surprise': 0.0003347479796502739}, {'neutral': 0.03893567994236946}]"
3_1.jpg,angry,0.8701873421669006,"[{'angry': 0.8701873421669006}, {'disgust': 0.007854446768760681}, {'fear': 0.0005608305800706148}, {'happy': 0.0005803857347927988}, {'sad': 0.008531508967280388}, {'surprise': 0.0010414738208055496}, {'neutral': 0.11124391853809357}]"
4_0.jpg,happy,0.6045157313346863,"[{'angry': 0.03897377476096153}, {'disgust': 0.00013319519348442554}, {'fear': 0.004374144598841667}, {'happy': 0.6045157313346863}, {'sad': 0.004018751904368401}, {'surprise': 0.3415904939174652}, {'neutral': 0.0063938358798623085}]"
4_1.jpg,happy,0.4534761309623718,"[{'angry': 0.2358122020959854}, {'disgust': 0.009047719649970531}, {'fear': 0.1607152223587036}, {'happy': 0.4534761309623718}, {'sad': 0.0011201020097360015}, {'surprise': 0.01786232553422451}, {'neutral': 0.12196633219718933}]"
5_0.jpg,fear,0.9128022789955139,"[{'angry': 0.02521582879126072}, {'disgust': 0.0006022420711815357}, {'fear': 0.9128022789955139}, {'happy': 0.042453356087207794}, {'sad': 0.000773885112721473}, {'surprise': 0.0006829225458204746}, {'neutral': 0.017469491809606552}]"
5_1.jpg,happy,0.7282136678695679,"[{'angry': 0.006211097352206707}, {'disgust': 0.008460470475256443}, {'fear': 0.0023090606555342674}, {'happy': 0.7282136678695679}, {'sad': 0.0035731999669224024}, {'surprise': 0.0016227149171754718}, {'neutral': 0.24960973858833313}]"
5_2.jpg,fear,0.7955756783485413,"[{'angry': 0.012393630109727383}, {'disgust': 0.0007268790504895151}, {'fear': 0.7955756783485413}, {'happy': 0.1763942688703537}, {'sad': 0.0006599702755920589}, {'surprise': 0.0003816865792032331}, {'neutral': 0.013867808505892754}]"
5_3.jpg,fear,0.975641667842865,"[{'angry': 0.014284105040133}, {'disgust': 0.00043469478259794414}, {'fear': 0.975641667842865}, {'happy': 0.0032568019814789295}, {'sad': 0.002403911668807268}, {'surprise': 0.0009197776671499014}, {'neutral': 0.003059032838791609}]"
5_4.jpg,happy,0.9076048731803894,"[{'angry': 0.02069034054875374}, {'disgust': 0.0007814858690835536}, {'fear': 0.0023326408118009567}, {'happy': 0.9076048731803894}, {'sad': 0.00019062976934947073}, {'surprise': 0.051675040274858475}, {'neutral': 0.016724878922104836}]"
6_0.jpg,neutral,0.441866934299469,"[{'angry': 0.058388348668813705}, {'disgust': 0.07873073220252991}, {'fear': 0.03595084324479103}, {'happy': 0.38053539395332336}, {'sad': 0.0032768796663731337}, {'surprise': 0.0012508194195106626}, {'neutral': 0.441866934299469}]"
6_1.jpg,angry,0.5492962002754211,"[{'angry': 0.5492962002754211}, {'disgust': 0.031516626477241516}, {'fear': 0.008789580315351486}, {'happy': 0.03238425403833389}, {'sad': 0.08448117226362228}, {'surprise': 0.0009581745252944529}, {'neutral': 0.2925738990306854}]"
6_2.jpg,neutral,0.4284825623035431,"[{'angry': 0.3044070303440094}, {'disgust': 0.0029075590427964926}, {'fear': 0.0014732248382642865}, {'happy': 0.15508103370666504}, {'sad': 0.04082734137773514}, {'surprise': 0.06682128459215164}, {'neutral': 0.4284825623035431}]"
7_0.jpg,surprise,0.7419708371162415,"[{'angry': 0.03075379692018032}, {'disgust': 0.0010575639316812158}, {'fear': 0.03705314174294472}, {'happy': 0.16895422339439392}, {'sad': 0.015378141775727272}, {'surprise': 0.7419708371162415}, {'neutral': 0.004832315258681774}]"
8_0.jpg,happy,0.980195164680481,"[{'angry': 0.010749200358986855}, {'disgust': 0.0029432871378958225}, {'fear': 0.0025220061652362347}, {'happy': 0.980195164680481}, {'sad': 0.000899813836440444}, {'surprise': 0.000517914304509759}, {'neutral': 0.0021726989652961493}]"
9_0.jpg,neutral,0.7223979830741882,"[{'angry': 0.26655277609825134}, {'disgust': 0.0002727879909798503}, {'fear': 8.72797827469185e-05}, {'happy': 0.003552508307620883}, {'sad': 0.007037966046482325}, {'surprise': 9.869978384813294e-05}, {'neutral': 0.7223979830741882}]"
9_1.jpg,disgust,0.4441627562046051,"[{'angry': 0.08518128097057343}, {'disgust': 0.4441627562046051}, {'fear': 0.0022967015393078327}, {'happy': 0.13750481605529785}, {'sad': 0.008899916894733906}, {'surprise': 0.0316544845700264}, {'neutral': 0.2903001010417938}]"
10_0.jpg,happy,0.9191378355026245,"[{'angry': 0.017155492678284645}, {'disgust': 0.0003126834344584495}, {'fear': 0.005750649143010378}, {'happy': 0.9191378355026245}, {'sad': 0.003494767239317298}, {'surprise': 0.025564666837453842}, {'neutral': 0.028583940118551254}]"
10_1.jpg,angry,0.3704138994216919,"[{'angry': 0.3704138994216919}, {'disgust': 0.0044956817291677}, {'fear': 0.009889006614685059}, {'happy': 0.18422433733940125}, {'sad': 0.02569711208343506}, {'surprise': 0.11044999212026596}, {'neutral': 0.29482993483543396}]"
11_0.jpg,fear,0.9654472470283508,"[{'angry': 0.004228574223816395}, {'disgust': 0.0003926570061594248}, {'fear': 0.9654472470283508}, {'happy': 0.026204830035567284}, {'sad': 0.0003352611674927175}, {'surprise': 0.00018391269259154797}, {'neutral': 0.003207567846402526}]"
13_0.jpg,surprise,0.6714653968811035,"[{'angry': 0.15335795283317566}, {'disgust': 0.07181591540575027}, {'fear': 0.029786117374897003}, {'happy': 0.014548071660101414}, {'sad': 0.013613441027700901}, {'surprise': 0.6714653968811035}, {'neutral': 0.045413121581077576}]"
14_0.jpg,happy,0.4581144154071808,"[{'angry': 0.12944597005844116}, {'disgust': 0.000892030424438417}, {'fear': 0.00799488089978695}, {'happy': 0.4581144154071808}, {'sad': 0.00037240865640342236}, {'surprise': 0.2982349097728729}, {'neutral': 0.10494545102119446}]"
15_0.jpg,happy,0.2583256661891937,"[{'angry': 0.06368894129991531}, {'disgust': 0.002787041012197733}, {'fear': 0.001600190531462431}, {'happy': 0.2583256661891937}, {'sad': 0.22229443490505219}, {'surprise': 0.19796912372112274}, {'neutral': 0.25333458185195923}]"
16_0.jpg,happy,0.4718722999095917,"[{'angry': 0.19989900290966034}, {'disgust': 0.030538519844412804}, {'fear': 0.19107790291309357}, {'happy': 0.4718722999095917}, {'sad': 0.019285667687654495}, {'surprise': 0.015544270165264606}, {'neutral': 0.07178230583667755}]"
16_1.jpg,happy,0.6694217920303345,"[{'angry': 0.24788935482501984}, {'disgust': 0.016920125111937523}, {'fear': 0.00043534499127417803}, {'happy': 0.6694217920303345}, {'sad': 0.04699138551950455}, {'surprise': 0.0007913834415376186}, {'neutral': 0.01755061373114586}]"
18_0.jpg,happy,0.45963484048843384,"[{'angry': 0.21738971769809723}, {'disgust': 0.1413891464471817}, {'fear': 0.10344422608613968}, {'happy': 0.45963484048843384}, {'sad': 0.014576603658497334}, {'surprise': 0.00478746322914958}, {'neutral': 0.05877799540758133}]"
18_1.jpg,fear,0.4660802185535431,"[{'angry': 0.04996570944786072}, {'disgust': 0.0011593004455789924}, {'fear': 0.4660802185535431}, {'happy': 0.042418088763952255}, {'sad': 0.02467913180589676}, {'surprise': 0.050549495965242386}, {'neutral': 0.36514806747436523}]"
19_0.jpg,happy,0.6084393262863159,"[{'angry': 0.15646390616893768}, {'disgust': 0.0011384505778551102}, {'fear': 0.06383676826953888}, {'happy': 0.6084393262863159}, {'sad': 0.000645199790596962}, {'surprise': 0.10135269910097122}, {'neutral': 0.06812363117933273}]"
19_1.jpg,neutral,0.6558839678764343,"[{'angry': 0.10163996368646622}, {'disgust': 0.00875744130462408}, {'fear': 0.023333130404353142}, {'happy': 0.10232418775558472}, {'sad': 0.10267111659049988}, {'surprise': 0.005390170495957136}, {'neutral': 0.6558839678764343}]"
20_0.jpg,angry,0.7126299738883972,"[{'angry': 0.7126299738883972}, {'disgust': 0.0008404183317907155}, {'fear': 0.04181361198425293}, {'happy': 0.012818936258554459}, {'sad': 0.011323784478008747}, {'surprise': 0.0020923884585499763}, {'neutral': 0.21848097443580627}]"
20_1.jpg,disgust,0.8009050488471985,"[{'angry': 0.03202676773071289}, {'disgust': 0.8009050488471985}, {'fear': 0.041858769953250885}, {'happy': 0.10920708626508713}, {'sad': 0.00116637721657753}, {'surprise': 0.011541442945599556}, {'neutral': 0.003294477006420493}]"
20_2.jpg,happy,0.8084065914154053,"[{'angry': 0.023638945072889328}, {'disgust': 0.0010774960974231362}, {'fear': 0.003955727908760309}, {'happy': 0.8084065914154053}, {'sad': 0.12596306204795837}, {'surprise': 0.020973464474081993}, {'neutral': 0.01598476991057396}]"
22_0.jpg,neutral,0.6580826044082642,"[{'angry': 0.019607894122600555}, {'disgust': 0.02944359742105007}, {'fear': 0.006004930008202791}, {'happy': 0.25030580163002014}, {'sad': 0.030664362013339996}, {'surprise': 0.005890822969377041}, {'neutral': 0.6580826044082642}]"
22_1.jpg,neutral,0.41711753606796265,"[{'angry': 0.11269880086183548}, {'disgust': 0.03031342849135399}, {'fear': 0.0016245166771113873}, {'happy': 0.061329882591962814}, {'sad': 0.00500688049942255}, {'surprise': 0.371908962726593}, {'neutral': 0.41711753606796265}]"
22_2.jpg,neutral,0.5427829623222351,"[{'angry': 0.03310256823897362}, {'disgust': 0.008650206960737705}, {'fear': 0.029772453010082245}, {'happy': 0.2386319637298584}, {'sad': 0.12018828094005585}, {'surprise': 0.026871580630540848}, {'neutral': 0.5427829623222351}]"
22_3.jpg,disgust,0.6187635660171509,"[{'angry': 0.010837528854608536}, {'disgust': 0.6187635660171509}, {'fear': 0.004772668704390526}, {'happy': 0.09728109836578369}, {'sad': 0.02673391066491604}, {'surprise': 0.0020934634376317263}, {'neutral': 0.23951773345470428}]"
22_4.jpg,neutral,0.5576454401016235,"[{'angry': 0.3843644857406616}, {'disgust': 0.01071422453969717}, {'fear': 0.012197419069707394}, {'happy': 0.02408549375832081}, {'sad': 0.0014468200970441103}, {'surprise': 0.00954606756567955}, {'neutral': 0.5576454401016235}]"
22_5.jpg,happy,0.7191849946975708,"[{'angry': 0.025385087355971336}, {'disgust': 0.013584461063146591}, {'fear': 0.007227196823805571}, {'happy': 0.7191849946975708}, {'sad': 0.028412459418177605}, {'surprise': 0.005566402804106474}, {'neutral': 0.20063944160938263}]"
22_6.jpg,neutral,0.9740390181541443,"[{'angry': 0.0004794631968252361}, {'disgust': 4.7156994696706533e-05}, {'fear': 0.0001810826943255961}, {'happy': 0.021194439381361008}, {'sad': 0.0007492480799555779}, {'surprise': 0.0033096056431531906}, {'neutral': 0.9740390181541443}]"
24_0.jpg,neutral,0.9183274507522583,"[{'angry': 0.0012824092991650105}, {'disgust': 0.0006114640855230391}, {'fear': 0.005664097145199776}, {'happy': 0.05033780634403229}, {'sad': 0.021184034645557404}, {'surprise': 0.0025927587412297726}, {'neutral': 0.9183274507522583}]"
24_1.jpg,happy,0.8369347453117371,"[{'angry': 0.013968606479465961}, {'disgust': 0.0008743336074985564}, {'fear': 0.02101016230881214}, {'happy': 0.8369347453117371}, {'sad': 0.0014630453661084175}, {'surprise': 0.04343292489647865}, {'neutral': 0.08231613039970398}]"
25_0.jpg,happy,0.7391276955604553,"[{'angry': 0.045119758695364}, {'disgust': 0.03558602184057236}, {'fear': 0.0021153108682483435}, {'happy': 0.7391276955604553}, {'sad': 0.08830880373716354}, {'surprise': 0.0022830101661384106}, {'neutral': 0.08745940774679184}]"
25_1.jpg,fear,0.5592182874679565,"[{'angry': 0.09575248509645462}, {'disgust': 0.004193638917058706}, {'fear': 0.5592182874679565}, {'happy': 0.33341607451438904}, {'sad': 2.5404116968275048e-05}, {'surprise': 0.00020497845252975821}, {'neutral': 0.00718911737203598}]"
25_2.jpg,neutral,0.6014615893363953,"[{'angry': 0.1629602462053299}, {'disgust': 0.16183339059352875}, {'fear': 0.02850102074444294}, {'happy': 0.022773217409849167}, {'sad': 0.016110872849822044}, {'surprise': 0.006359616294503212}, {'neutral': 0.6014615893363953}]"
26_0.jpg,angry,0.3706313669681549,"[{'angry': 0.3706313669681549}, {'disgust': 0.002309071598574519}, {'fear': 0.0023844148963689804}, {'happy': 0.27774256467819214}, {'sad': 0.1020319014787674}, {'surprise': 0.010820125229656696}, {'neutral': 0.234080508351326}]"
26_1.jpg,happy,0.7737833857536316,"[{'angry': 0.07891438156366348}, {'disgust': 0.07884880155324936}, {'fear': 0.001398370019160211}, {'happy': 0.7737833857536316}, {'sad': 0.011231375858187675}, {'surprise': 0.004451488610357046}, {'neutral': 0.05137218162417412}]"
27_0.jpg,happy,0.9990594983100891,"[{'angry': 0.00020680805027950555}, {'disgust': 2.1782778276246972e-05}, {'fear': 3.9975733670871705e-05}, {'happy': 0.9990594983100891}, {'sad': 9.159940236713737e-05}, {'surprise': 0.00047998226364143193}, {'neutral': 0.00010039753396995366}]"
28_0.jpg,angry,0.3061503767967224,"[{'angry': 0.3061503767967224}, {'disgust': 0.017291368916630745}, {'fear': 0.11200027167797089}, {'happy': 0.2867860794067383}, {'sad': 0.0023237376008182764}, {'surprise': 0.0014387448318302631}, {'neutral': 0.2740094065666199}]"
28_1.jpg,happy,0.4449410140514374,"[{'angry': 0.3779483437538147}, {'disgust': 0.0745316594839096}, {'fear': 0.001152162323705852}, {'happy': 0.4449410140514374}, {'sad': 0.013675359077751637}, {'surprise': 0.003413221798837185}, {'neutral': 0.08433832228183746}]"
29_0.jpg,angry,0.6239402890205383,"[{'angry': 0.6239402890205383}, {'disgust': 0.0002493892970960587}, {'fear': 0.0003604749508667737}, {'happy': 0.01559322327375412}, {'sad': 0.02949371561408043}, {'surprise': 0.00011731413542293012}, {'neutral': 0.3302456736564636}]"
29_1.jpg,happy,0.5201435685157776,"[{'angry': 0.11533264815807343}, {'disgust': 0.2251638025045395}, {'fear': 0.0008558644913136959}, {'happy': 0.5201435685157776}, {'sad': 0.0001782646431820467}, {'surprise': 0.007407314144074917}, {'neutral': 0.13091860711574554}]"
29_2.jpg,neutral,0.9800882935523987,"[{'angry': 0.006414211355149746}, {'disgust': 0.0005957034882158041}, {'fear': 0.004385395906865597}, {'happy': 0.008205008693039417}, {'sad': 0.00028940546326339245}, {'surprise': 2.1982219550409354e-05}, {'neutral': 0.9800882935523987}]"
29_3.jpg,neutral,0.4333730936050415,"[{'angry': 0.13402089476585388}, {'disgust': 0.1075703501701355}, {'fear': 0.00024257211771328002}, {'happy': 0.3229336142539978}, {'sad': 0.0008437971118837595}, {'surprise': 0.0010156992357224226}, {'neutral': 0.4333730936050415}]"
30_0.jpg,disgust,0.8823089599609375,"[{'angry': 0.07150307297706604}, {'disgust': 0.8823089599609375}, {'fear': 0.003828375833109021}, {'happy': 0.023120881989598274}, {'sad': 0.0006841516587883234}, {'surprise': 0.009767643176019192}, {'neutral': 0.008786880411207676}]"
31_0.jpg,disgust,0.9724363088607788,"[{'angry': 0.011437121778726578}, {'disgust': 0.9724363088607788}, {'fear': 0.0003027430211659521}, {'happy': 0.0056137703359127045}, {'sad': 0.0002360046055400744}, {'surprise': 0.0008761600474826992}, {'neutral': 0.009097816422581673}]"
32_0.jpg,happy,0.9563150405883789,"[{'angry': 0.0012295122724026442}, {'disgust': 5.07650947838556e-05}, {'fear': 0.00028016348369419575}, {'happy': 0.9563150405883789}, {'sad': 0.00029041405650787055}, {'surprise': 0.0013312670635059476}, {'neutral': 0.04050290212035179}]"
33_0.jpg,neutral,0.7006388902664185,"[{'angry': 0.23129701614379883}, {'disgust': 0.00439677108079195}, {'fear': 0.00020240042067598552}, {'happy': 0.04723105952143669}, {'sad': 0.01317608542740345}, {'surprise': 0.003057747147977352}, {'neutral': 0.7006388902664185}]"
33_1.jpg,happy,0.922759473323822,"[{'angry': 0.013832121156156063}, {'disgust': 0.041538454592227936}, {'fear': 0.003765472210943699}, {'happy': 0.922759473323822}, {'sad': 0.0015185500960797071}, {'surprise': 0.008228524588048458}, {'neutral': 0.008357332088053226}]"
34_0.jpg,happy,0.984285295009613,"[{'angry': 0.0025048721581697464}, {'disgust': 2.493461397534702e-05}, {'fear': 6.0127647884655744e-05}, {'happy': 0.984285295009613}, {'sad': 0.0007388896774500608}, {'surprise': 0.007288516033440828}, {'neutral': 0.005097291432321072}]"
34_1.jpg,neutral,0.6761569976806641,"[{'angry': 0.26484188437461853}, {'disgust': 0.028679750859737396}, {'fear': 0.0005048603634350002}, {'happy': 0.028298279270529747}, {'sad': 0.00038211559876799583}, {'surprise': 0.0011361123761162162}, {'neutral': 0.6761569976806641}]"
34_2.jpg,angry,0.873107373714447,"[{'angry': 0.873107373714447}, {'disgust': 0.06746932864189148}, {'fear': 0.0235273577272892}, {'happy': 0.008071589283645153}, {'sad': 0.001638811663724482}, {'surprise': 0.0009713411564007401}, {'neutral': 0.025214288383722305}]"
35_0.jpg,neutral,0.7527475357055664,"[{'angry': 0.001846536062657833}, {'disgust': 0.0027616999577730894}, {'fear': 0.00017192380619235337}, {'happy': 0.23969578742980957}, {'sad': 0.0017425566911697388}, {'surprise': 0.00103401904925704}, {'neutral': 0.7527475357055664}]"
35_1.jpg,happy,0.9953319430351257,"[{'angry': 0.00025571975857019424}, {'disgust': 0.000765358388889581}, {'fear': 0.0007917399052530527}, {'happy': 0.9953319430351257}, {'sad': 0.0003476704005151987}, {'surprise': 0.00048583626630716026}, {'neutral': 0.002021667780354619}]"
35_2.jpg,happy,0.6219971179962158,"[{'angry': 0.0028319128323346376}, {'disgust': 0.07578335702419281}, {'fear': 0.00619076332077384}, {'happy': 0.6219971179962158}, {'sad': 0.07453254610300064}, {'surprise': 0.0038057961501181126}, {'neutral': 0.21485859155654907}]"
36_0.jpg,neutral,0.733099102973938,"[{'angry': 0.008404821157455444}, {'disgust': 0.00430064694955945}, {'fear': 0.13452160358428955}, {'happy': 0.008832916617393494}, {'sad': 0.10492230206727982}, {'surprise': 0.005918636918067932}, {'neutral': 0.733099102973938}]"
36_1.jpg,happy,0.8860968351364136,"[{'angry': 0.004467093851417303}, {'disgust': 0.0024248193949460983}, {'fear': 0.10231096297502518}, {'happy': 0.8860968351364136}, {'sad': 0.0008448919397778809}, {'surprise': 0.0013617468066513538}, {'neutral': 0.002493511885404587}]"
37_0.jpg,happy,0.933269739151001,"[{'angry': 0.0004334963159635663}, {'disgust': 0.0014260652242228389}, {'fear': 0.00032007452682591975}, {'happy': 0.933269739151001}, {'sad': 0.027812866494059563}, {'surprise': 0.029239196330308914}, {'neutral': 0.00749870715662837}]"
38_0.jpg,disgust,0.5549455285072327,"[{'angry': 0.11675690859556198}, {'disgust': 0.5549455285072327}, {'fear': 0.13503398001194}, {'happy': 0.012344839051365852}, {'sad': 0.09888932853937149}, {'surprise': 0.00044340797467157245}, {'neutral': 0.08158600330352783}]"
38_1.jpg,surprise,0.6942347884178162,"[{'angry': 0.03645368665456772}, {'disgust': 0.01364977564662695}, {'fear': 0.009261257946491241}, {'happy': 0.02340547740459442}, {'sad': 0.06899998337030411}, {'surprise': 0.6942347884178162}, {'neutral': 0.15399500727653503}]"
39_0.jpg,happy,0.4592411518096924,"[{'angry': 0.4175609350204468}, {'disgust': 0.0033110056538134813}, {'fear': 0.00027115066768601537}, {'happy': 0.4592411518096924}, {'sad': 0.0025362330488860607}, {'surprise': 0.0007094063330441713}, {'neutral': 0.11637014895677567}]"
40_0.jpg,happy,0.9679816365242004,"[{'angry': 0.0016042949864640832}, {'disgust': 0.004020021762698889}, {'fear': 0.0024081941228359938}, {'happy': 0.9679816365242004}, {'sad': 0.0021268215496093035}, {'surprise': 0.006521018221974373}, {'neutral': 0.015338050201535225}]"
41_0.jpg,happy,0.905214250087738,"[{'angry': 0.052340440452098846}, {'disgust': 0.0019366370979696512}, {'fear': 0.0005736624007113278}, {'happy': 0.905214250087738}, {'sad': 0.0007573878392577171}, {'surprise': 0.004785304889082909}, {'neutral': 0.0343923456966877}]"
42_0.jpg,neutral,0.5559544563293457,"[{'angry': 0.3754904270172119}, {'disgust': 0.0001209704132634215}, {'fear': 0.00010837472655111924}, {'happy': 0.049467165023088455}, {'sad': 0.016464853659272194}, {'surprise': 0.00239370483905077}, {'neutral': 0.5559544563293457}]"
43_0.jpg,happy,0.8729842901229858,"[{'angry': 0.01497604139149189}, {'disgust': 0.04804202914237976}, {'fear': 0.040681105107069016}, {'happy': 0.8729842901229858}, {'sad': 0.003248570952564478}, {'surprise': 0.005391374696046114}, {'neutral': 0.014676563441753387}]"
44_0.jpg,happy,0.8284046053886414,"[{'angry': 0.03304676339030266}, {'disgust': 0.00032965029822662473}, {'fear': 0.09117985516786575}, {'happy': 0.8284046053886414}, {'sad': 0.0003471486270427704}, {'surprise': 0.03849834203720093}, {'neutral': 0.00819365307688713}]"
45_0.jpg,happy,0.9556293487548828,"[{'angry': 0.002990827662870288}, {'disgust': 0.00107316835783422}, {'fear': 0.00010660102998372167}, {'happy': 0.9556293487548828}, {'sad': 0.0020586331374943256}, {'surprise': 0.0019018991151824594}, {'neutral': 0.036239564418792725}]"
45_1.jpg,happy,0.535571813583374,"[{'angry': 0.15516601502895355}, {'disgust': 0.01983165182173252}, {'fear': 0.018792424350976944}, {'happy': 0.535571813583374}, {'sad': 0.010778360068798065}, {'surprise': 0.06953950226306915}, {'neutral': 0.1903202086687088}]"
47_0.jpg,happy,0.95799320936203,"[{'angry': 0.027249451726675034}, {'disgust': 0.002960439771413803}, {'fear': 0.00048872793558985}, {'happy': 0.95799320936203}, {'sad': 3.0381741453311406e-05}, {'surprise': 0.004586913622915745}, {'neutral': 0.006690849084407091}]"
49_0.jpg,happy,0.7724973559379578,"[{'angry': 0.20210979878902435}, {'disgust': 0.0007736270781606436}, {'fear': 0.00825705286115408}, {'happy': 0.7724973559379578}, {'sad': 0.00014948310854379088}, {'surprise': 0.012146668508648872}, {'neutral': 0.004065976943820715}]"
50_0.jpg,angry,0.43629321455955505,"[{'angry': 0.43629321455955505}, {'disgust': 0.17372432351112366}, {'fear': 0.07430949807167053}, {'happy': 0.02811935544013977}, {'sad': 0.0018023786833509803}, {'surprise': 0.011442432180047035}, {'neutral': 0.2743086814880371}]"
50_1.jpg,angry,0.3706818222999573,"[{'angry': 0.3706818222999573}, {'disgust': 0.17206142842769623}, {'fear': 0.08266706019639969}, {'happy': 0.0436384491622448}, {'sad': 0.009251684881746769}, {'surprise': 0.13654620945453644}, {'neutral': 0.18515333533287048}]"
51_0.jpg,neutral,0.6097782850265503,"[{'angry': 0.15759630501270294}, {'disgust': 0.03265265375375748}, {'fear': 0.01573198288679123}, {'happy': 0.15630482137203217}, {'sad': 0.006677976809442043}, {'surprise': 0.021257920190691948}, {'neutral': 0.6097782850265503}]"
51_1.jpg,happy,0.76665198802948,"[{'angry': 0.03360831364989281}, {'disgust': 0.008707535453140736}, {'fear': 0.08912551403045654}, {'happy': 0.76665198802948}, {'sad': 0.014694337733089924}, {'surprise': 0.02408057451248169}, {'neutral': 0.06313156336545944}]"
51_2.jpg,neutral,0.6882898211479187,"[{'angry': 0.2741418182849884}, {'disgust': 0.0018030045321211219}, {'fear': 0.0008351877331733704}, {'happy': 0.0063172802329063416}, {'sad': 0.022272976115345955}, {'surprise': 0.0063398913480341434}, {'neutral': 0.6882898211479187}]"
53_0.jpg,fear,0.9825489521026611,"[{'angry': 0.004149514716118574}, {'disgust': 0.00010938870400423184}, {'fear': 0.9825489521026611}, {'happy': 0.0028751727659255266}, {'sad': 0.0007055206806398928}, {'surprise': 1.7633274183026515e-05}, {'neutral': 0.0095938416197896}]"
53_1.jpg,sad,0.8549583554267883,"[{'angry': 0.016372131183743477}, {'disgust': 0.04262275993824005}, {'fear': 0.00547472108155489}, {'happy': 0.023078305646777153}, {'sad': 0.8549583554267883}, {'surprise': 6.859321729280055e-05}, {'neutral': 0.0574251152575016}]"
54_0.jpg,happy,0.9729443192481995,"[{'angry': 0.00017480106907896698}, {'disgust': 0.00019647642329800874}, {'fear': 0.007343457546085119}, {'happy': 0.9729443192481995}, {'sad': 0.00043589487904682755}, {'surprise': 0.014349512755870819}, {'neutral': 0.004555529449135065}]"
55_0.jpg,neutral,0.8878555297851562,"[{'angry': 0.061360422521829605}, {'disgust': 0.002127560554072261}, {'fear': 0.00018598191672936082}, {'happy': 0.016016453504562378}, {'sad': 0.018152283504605293}, {'surprise': 0.014301737770438194}, {'neutral': 0.8878555297851562}]"
55_1.jpg,happy,0.4845704138278961,"[{'angry': 0.324489027261734}, {'disgust': 0.11143620312213898}, {'fear': 0.0032115867361426353}, {'happy': 0.4845704138278961}, {'sad': 0.0008149231434799731}, {'surprise': 0.05647151917219162}, {'neutral': 0.01900644414126873}]"
56_0.jpg,happy,0.9461504817008972,"[{'angry': 0.006182353477925062}, {'disgust': 0.03350257873535156}, {'fear': 0.00027737629716284573}, {'happy': 0.9461504817008972}, {'sad': 0.007607605773955584}, {'surprise': 0.0017543324502184987}, {'neutral': 0.00452533271163702}]"
57_0.jpg,fear,0.6794647574424744,"[{'angry': 0.03699043393135071}, {'disgust': 0.0006389634218066931}, {'fear': 0.6794647574424744}, {'happy': 0.05457743629813194}, {'sad': 0.038752391934394836}, {'surprise': 0.00016398172010667622}, {'neutral': 0.1894119828939438}]"
57_1.jpg,happy,0.9607321619987488,"[{'angry': 0.0022960721980780363}, {'disgust': 0.00016648585733491927}, {'fear': 0.0009505117777734995}, {'happy': 0.9607321619987488}, {'sad': 0.0027658860199153423}, {'surprise': 0.017985567450523376}, {'neutral': 0.015103233978152275}]"
57_2.jpg,neutral,0.5436207056045532,"[{'angry': 0.08656040579080582}, {'disgust': 0.07783237099647522}, {'fear': 0.014925188384950161}, {'happy': 0.020040566101670265}, {'sad': 0.05508247762918472}, {'surprise': 0.20193828642368317}, {'neutral': 0.5436207056045532}]"
57_3.jpg,happy,0.41551244258880615,"[{'angry': 0.37889909744262695}, {'disgust': 0.03225328400731087}, {'fear': 0.05112551525235176}, {'happy': 0.41551244258880615}, {'sad': 0.008786071091890335}, {'surprise': 0.05248900130391121}, {'neutral': 0.06093465909361839}]"
57_4.jpg,happy,0.9033977389335632,"[{'angry': 0.018914543092250824}, {'disgust': 0.04417628422379494}, {'fear': 0.002604379318654537}, {'happy': 0.9033977389335632}, {'sad': 0.0004954985924996436}, {'surprise': 0.021562380716204643}, {'neutral': 0.008849119767546654}]"
57_5.jpg,happy,0.9894285798072815,"[{'angry': 0.0006088531226851046}, {'disgust': 0.000840010994579643}, {'fear': 0.00017369416309520602}, {'happy': 0.9894285798072815}, {'sad': 2.158896859327797e-05}, {'surprise': 0.00868772342801094}, {'neutral': 0.00023953363415785134}]"
57_6.jpg,neutral,0.4960663616657257,"[{'angry': 0.00712848175317049}, {'disgust': 0.0006501875468529761}, {'fear': 0.0002314897283213213}, {'happy': 0.49238458275794983}, {'sad': 0.003176518715918064}, {'surprise': 0.0003623756638262421}, {'neutral': 0.4960663616657257}]"
57_7.jpg,angry,0.43881988525390625,"[{'angry': 0.43881988525390625}, {'disgust': 0.41610273718833923}, {'fear': 0.0013191490434110165}, {'happy': 0.07710482180118561}, {'sad': 0.003225472290068865}, {'surprise': 0.00042607448995113373}, {'neutral': 0.06300186365842819}]"
57_8.jpg,happy,0.8970780372619629,"[{'angry': 0.06594230234622955}, {'disgust': 0.0006070708623155951}, {'fear': 0.0009028252679854631}, {'happy': 0.8970780372619629}, {'sad': 0.0021711213048547506}, {'surprise': 0.0053525762632489204}, {'neutral': 0.027946094051003456}]"
58_0.jpg,neutral,0.6930992007255554,"[{'angry': 0.14857184886932373}, {'disgust': 0.0005646198405884206}, {'fear': 0.00074171950109303}, {'happy': 0.072444848716259}, {'sad': 0.08437083661556244}, {'surprise': 0.00020692787074949592}, {'neutral': 0.6930992007255554}]"
58_1.jpg,fear,0.6181588768959045,"[{'angry': 0.02475070022046566}, {'disgust': 0.10673326998949051}, {'fear': 0.6181588768959045}, {'happy': 0.153008371591568}, {'sad': 0.014665218070149422}, {'surprise': 0.0011019010562449694}, {'neutral': 0.08158168196678162}]"
62_0.jpg,happy,0.8948802351951599,"[{'angry': 0.0023674240801483393}, {'disgust': 0.0008900717366486788}, {'fear': 0.00020902507822029293}, {'happy': 0.8948802351951599}, {'sad': 0.00020362201030366123}, {'surprise': 0.03162774443626404}, {'neutral': 0.06982190161943436}]"
63_0.jpg,angry,0.26057273149490356,"[{'angry': 0.26057273149490356}, {'disgust': 0.019177021458745003}, {'fear': 0.041047241538763046}, {'happy': 0.24483329057693481}, {'sad': 0.12805846333503723}, {'surprise': 0.2538314163684845}, {'neutral': 0.05247977375984192}]"
63_1.jpg,sad,0.38554805517196655,"[{'angry': 0.012679527513682842}, {'disgust': 0.0008030580938793719}, {'fear': 0.03066304512321949}, {'happy': 0.06768380850553513}, {'sad': 0.38554805517196655}, {'surprise': 0.17689856886863708}, {'neutral': 0.32572394609451294}]"
64_0.jpg,disgust,0.46452057361602783,"[{'angry': 0.17748509347438812}, {'disgust': 0.46452057361602783}, {'fear': 0.0013338633580133319}, {'happy': 0.26999741792678833}, {'sad': 0.020472874864935875}, {'surprise': 0.0015273194294422865}, {'neutral': 0.06466277688741684}]"
65_0.jpg,happy,0.9550619721412659,"[{'angry': 0.0008799948263913393}, {'disgust': 0.03355636075139046}, {'fear': 7.934529276099056e-05}, {'happy': 0.9550619721412659}, {'sad': 2.2157990315463394e-05}, {'surprise': 0.001657516579143703}, {'neutral': 0.008742736652493477}]"
65_1.jpg,neutral,0.4644128680229187,"[{'angry': 0.002202228643000126}, {'disgust': 0.0007783168111927807}, {'fear': 0.002664226805791259}, {'happy': 0.15548156201839447}, {'sad': 0.001426291768439114}, {'surprise': 0.3730345666408539}, {'neutral': 0.4644128680229187}]"
65_2.jpg,happy,0.9109132289886475,"[{'angry': 0.0022363096941262484}, {'disgust': 0.0004795926215592772}, {'fear': 0.0030399367678910494}, {'happy': 0.9109132289886475}, {'sad': 0.00023914258053991944}, {'surprise': 0.0014619880821555853}, {'neutral': 0.08162982761859894}]"
65_3.jpg,fear,0.7882320880889893,"[{'angry': 0.010141287930309772}, {'disgust': 0.09634044021368027}, {'fear': 0.7882320880889893}, {'happy': 0.03749064728617668}, {'sad': 0.009815891273319721}, {'surprise': 0.0013595634372904897}, {'neutral': 0.05662001669406891}]"
66_0.jpg,neutral,0.3268936276435852,"[{'angry': 0.09165270626544952}, {'disgust': 0.02730734646320343}, {'fear': 0.04868097975850105}, {'happy': 0.28833693265914917}, {'sad': 0.04082312062382698}, {'surprise': 0.17630524933338165}, {'neutral': 0.3268936276435852}]"
67_0.jpg,happy,0.7368823289871216,"[{'angry': 0.10768547654151917}, {'disgust': 0.034852009266614914}, {'fear': 0.0029776482842862606}, {'happy': 0.7368823289871216}, {'sad': 0.012957179918885231}, {'surprise': 0.0601327009499073}, {'neutral': 0.044512730091810226}]"
67_1.jpg,angry,0.40638482570648193,"[{'angry': 0.40638482570648193}, {'disgust': 0.0356123223900795}, {'fear': 0.01329028606414795}, {'happy': 0.08486219495534897}, {'sad': 0.14965814352035522}, {'surprise': 0.14903002977371216}, {'neutral': 0.1611621379852295}]"
68_0.jpg,happy,0.9783162474632263,"[{'angry': 0.004889016039669514}, {'disgust': 0.012464314699172974}, {'fear': 0.00011922473640879616}, {'happy': 0.9783162474632263}, {'sad': 0.0007968550198711455}, {'surprise': 0.00031509672407992184}, {'neutral': 0.003099166788160801}]"
68_1.jpg,neutral,0.39252257347106934,"[{'angry': 0.07663401961326599}, {'disgust': 0.00249165459536016}, {'fear': 0.3425965905189514}, {'happy': 0.029381589964032173}, {'sad': 0.08016970008611679}, {'surprise': 0.07620389759540558}, {'neutral': 0.39252257347106934}]"
70_0.jpg,angry,0.38580331206321716,"[{'angry': 0.38580331206321716}, {'disgust': 0.0010193645721301436}, {'fear': 0.003147456329315901}, {'happy': 0.006659376434981823}, {'sad': 0.0513136126101017}, {'surprise': 0.22641462087631226}, {'neutral': 0.32564225792884827}]"
71_0.jpg,neutral,0.9535700082778931,"[{'angry': 0.0006938943406566978}, {'disgust': 0.0006439998396672308}, {'fear': 0.00011601264850469306}, {'happy': 0.03349482640624046}, {'sad': 0.011100557632744312}, {'surprise': 0.00038067318382672966}, {'neutral': 0.9535700082778931}]"
71_1.jpg,neutral,0.7269542217254639,"[{'angry': 0.008566397242248058}, {'disgust': 0.0038229201454669237}, {'fear': 0.012996582314372063}, {'happy': 0.13469918072223663}, {'sad': 0.002277777763083577}, {'surprise': 0.11068291962146759}, {'neutral': 0.7269542217254639}]"
72_0.jpg,happy,0.7117679715156555,"[{'angry': 0.0717359259724617}, {'disgust': 0.024964522570371628}, {'fear': 0.007026541978120804}, {'happy': 0.7117679715156555}, {'sad': 0.004085585940629244}, {'surprise': 0.03508308529853821}, {'neutral': 0.14533644914627075}]"
74_0.jpg,surprise,0.514676034450531,"[{'angry': 0.0075930031016469}, {'disgust': 0.0003786517772823572}, {'fear': 0.3054453134536743}, {'happy': 0.07251189649105072}, {'sad': 0.003714601043611765}, {'surprise': 0.514676034450531}, {'neutral': 0.09568051993846893}]"
75_0.jpg,happy,0.8452795743942261,"[{'angry': 0.05482066422700882}, {'disgust': 0.0002360967919230461}, {'fear': 0.00020433877944014966}, {'happy': 0.8452795743942261}, {'sad': 7.798129809089005e-05}, {'surprise': 0.025099704042077065}, {'neutral': 0.07428152859210968}]"
76_0.jpg,neutral,0.5495487451553345,"[{'angry': 0.004866489674896002}, {'disgust': 0.00020169344497844577}, {'fear': 0.007530289236456156}, {'happy': 0.037179309874773026}, {'sad': 0.001219877740368247}, {'surprise': 0.3994535505771637}, {'neutral': 0.5495487451553345}]"
77_0.jpg,happy,0.9645815491676331,"[{'angry': 0.0015053465031087399}, {'disgust': 0.0003109626704826951}, {'fear': 0.0006791537161916494}, {'happy': 0.9645815491676331}, {'sad': 0.00033542021992616355}, {'surprise': 0.02726633846759796}, {'neutral': 0.005321258679032326}]"
78_0.jpg,neutral,0.48735150694847107,"[{'angry': 0.08147642016410828}, {'disgust': 0.008786413818597794}, {'fear': 0.0023382308427244425}, {'happy': 0.39703646302223206}, {'sad': 0.019279366359114647}, {'surprise': 0.0037315860390663147}, {'neutral': 0.48735150694847107}]"
79_0.jpg,neutral,0.9745743870735168,"[{'angry': 0.02056114561855793}, {'disgust': 0.002386672655120492}, {'fear': 1.266425442736363e-05}, {'happy': 0.0009485097834840417}, {'sad': 9.005914762383327e-05}, {'surprise': 0.0014266036450862885}, {'neutral': 0.9745743870735168}]"
80_0.jpg,angry,0.886012077331543,"[{'angry': 0.886012077331543}, {'disgust': 0.04142051935195923}, {'fear': 0.00036191317485645413}, {'happy': 0.06589427590370178}, {'sad': 7.746025949018076e-05}, {'surprise': 0.003891508560627699}, {'neutral': 0.0023423898965120316}]"
81_0.jpg,surprise,0.908839225769043,"[{'angry': 0.02588217332959175}, {'disgust': 0.0010532086016610265}, {'fear': 0.0024629859253764153}, {'happy': 0.05582958459854126}, {'sad': 0.00018103198090102524}, {'surprise': 0.908839225769043}, {'neutral': 0.005751731339842081}]"
82_0.jpg,disgust,0.999148964881897,"[{'angry': 0.00020084992866031826}, {'disgust': 0.999148964881897}, {'fear': 3.7370657082647085e-05}, {'happy': 1.3816869568472612e-06}, {'sad': 0.0005687259254045784}, {'surprise': 1.6467312889290042e-05}, {'neutral': 2.622445026645437e-05}]"
82_1.jpg,happy,0.8336740732192993,"[{'angry': 0.00012158120080130175}, {'disgust': 0.16024979948997498}, {'fear': 0.00021868845215067267}, {'happy': 0.8336740732192993}, {'sad': 0.0004403921193443239}, {'surprise': 0.0012136953882873058}, {'neutral': 0.0040818508714437485}]"
84_0.jpg,neutral,0.8174694180488586,"[{'angry': 0.006136978045105934}, {'disgust': 0.04580112546682358}, {'fear': 0.00907429214566946}, {'happy': 0.09219793230295181}, {'sad': 0.014665764756500721}, {'surprise': 0.014654476195573807}, {'neutral': 0.8174694180488586}]"
87_0.jpg,happy,0.6436461210250854,"[{'angry': 0.00807058997452259}, {'disgust': 0.0021050169598311186}, {'fear': 0.0011391759617254138}, {'happy': 0.6436461210250854}, {'sad': 0.01139118429273367}, {'surprise': 0.00392738776281476}, {'neutral': 0.32972046732902527}]"
88_0.jpg,happy,0.5099584460258484,"[{'angry': 0.0021639689803123474}, {'disgust': 0.0014989596093073487}, {'fear': 0.0606645829975605}, {'happy': 0.5099584460258484}, {'sad': 0.0015283679822459817}, {'surprise': 0.3592357635498047}, {'neutral': 0.06494994461536407}]"
89_0.jpg,neutral,0.991950273513794,"[{'angry': 0.0033171619288623333}, {'disgust': 0.0008279865724034607}, {'fear': 0.0003339523682370782}, {'happy': 0.0011068616295233369}, {'sad': 0.0022206364665180445}, {'surprise': 0.000243159374804236}, {'neutral': 0.991950273513794}]"
89_1.jpg,neutral,0.9912863373756409,"[{'angry': 0.00230029271915555}, {'disgust': 0.0012897357810288668}, {'fear': 7.3199589678552e-05}, {'happy': 0.004271044861525297}, {'sad': 0.0005083935684524477}, {'surprise': 0.0002709471737034619}, {'neutral': 0.9912863373756409}]"
89_2.jpg,happy,0.8905195593833923,"[{'angry': 0.0065788934007287025}, {'disgust': 0.02722998335957527}, {'fear': 0.0012828281614929438}, {'happy': 0.8905195593833923}, {'sad': 0.0004837805172428489}, {'surprise': 0.0015336752403527498}, {'neutral': 0.07237137109041214}]"
89_3.jpg,disgust,0.5056310892105103,"[{'angry': 0.0016036627348512411}, {'disgust': 0.5056310892105103}, {'fear': 0.2181757241487503}, {'happy': 0.08971666544675827}, {'sad': 0.015645744279026985}, {'surprise': 0.00081235496327281}, {'neutral': 0.16841471195220947}]"
90_0.jpg,happy,0.590495228767395,"[{'angry': 0.004675408825278282}, {'disgust': 0.38696402311325073}, {'fear': 0.0011104465229436755}, {'happy': 0.590495228767395}, {'sad': 5.518052785191685e-05}, {'surprise': 0.0022876232396811247}, {'neutral': 0.014412074349820614}]"
90_1.jpg,angry,0.8233158588409424,"[{'angry': 0.8233158588409424}, {'disgust': 0.0015233791200444102}, {'fear': 0.0009929080260917544}, {'happy': 0.0021545318886637688}, {'sad': 0.02997058443725109}, {'surprise': 8.788514969637617e-05}, {'neutral': 0.14195488393306732}]"
91_0.jpg,neutral,0.9368135333061218,"[{'angry': 0.016993852332234383}, {'disgust': 0.0022752510849386454}, {'fear': 0.00024713404127396643}, {'happy': 0.04217040166258812}, {'sad': 0.0011470818426460028}, {'surprise': 0.0003527516673784703}, {'neutral': 0.9368135333061218}]"
91_1.jpg,happy,0.6729308366775513,"[{'angry': 0.019151434302330017}, {'disgust': 0.0014814159367233515}, {'fear': 0.016852760687470436}, {'happy': 0.6729308366775513}, {'sad': 0.005046853795647621}, {'surprise': 0.2511887550354004}, {'neutral': 0.033347900956869125}]"
92_0.jpg,happy,0.8745753169059753,"[{'angry': 0.03180608153343201}, {'disgust': 0.0015453387750312686}, {'fear': 0.002631017006933689}, {'happy': 0.8745753169059753}, {'sad': 0.0212082602083683}, {'surprise': 0.0282658152282238}, {'neutral': 0.03996822237968445}]"
92_1.jpg,surprise,0.509080708026886,"[{'angry': 0.1234380379319191}, {'disgust': 0.00497672613710165}, {'fear': 0.07217226177453995}, {'happy': 0.03313802182674408}, {'sad': 0.026819530874490738}, {'surprise': 0.509080708026886}, {'neutral': 0.23037470877170563}]"
92_2.jpg,neutral,0.8423079252243042,"[{'angry': 0.04007769376039505}, {'disgust': 0.0029433448798954487}, {'fear': 0.000700801145285368}, {'happy': 0.06763873249292374}, {'sad': 0.041986413300037384}, {'surprise': 0.004345076624304056}, {'neutral': 0.8423079252243042}]"
92_3.jpg,fear,0.6565086245536804,"[{'angry': 0.04940737411379814}, {'disgust': 0.0388345941901207}, {'fear': 0.6565086245536804}, {'happy': 0.09598695486783981}, {'sad': 0.11220916360616684}, {'surprise': 0.03222748264670372}, {'neutral': 0.014825835824012756}]"
92_4.jpg,surprise,0.3673957884311676,"[{'angry': 0.2971671521663666}, {'disgust': 0.004397638142108917}, {'fear': 0.05044855922460556}, {'happy': 0.24192070960998535}, {'sad': 0.0032379580661654472}, {'surprise': 0.3673957884311676}, {'neutral': 0.03543221578001976}]"
93_0.jpg,sad,0.36869287490844727,"[{'angry': 0.02269149199128151}, {'disgust': 0.01997837983071804}, {'fear': 0.0009771111654117703}, {'happy': 0.24093449115753174}, {'sad': 0.36869287490844727}, {'surprise': 0.002892287913709879}, {'neutral': 0.34383338689804077}]"
93_1.jpg,happy,0.6055092811584473,"[{'angry': 0.0003152386052533984}, {'disgust': 0.16369496285915375}, {'fear': 0.032395925372838974}, {'happy': 0.6055092811584473}, {'sad': 0.03779870271682739}, {'surprise': 0.0022160038352012634}, {'neutral': 0.15806987881660461}]"
94_0.jpg,disgust,0.9825031757354736,"[{'angry': 0.0076089357025921345}, {'disgust': 0.9825031757354736}, {'fear': 0.000376049050828442}, {'happy': 0.0066599417477846146}, {'sad': 0.000196596491150558}, {'surprise': 0.0009113237028941512}, {'neutral': 0.0017438909271731973}]"
95_0.jpg,neutral,0.4439920485019684,"[{'angry': 0.0020165573805570602}, {'disgust': 0.18447233736515045}, {'fear': 0.003136271145194769}, {'happy': 0.3389603793621063}, {'sad': 0.021505989134311676}, {'surprise': 0.00591634027659893}, {'neutral': 0.4439920485019684}]"
95_1.jpg,neutral,0.9885673522949219,"[{'angry': 0.0003409628407098353}, {'disgust': 0.00013546147965826094}, {'fear': 3.815201125689782e-05}, {'happy': 0.010352334007620811}, {'sad': 0.00020428089192137122}, {'surprise': 0.0003614676825236529}, {'neutral': 0.9885673522949219}]"
96_0.jpg,happy,0.9006248116493225,"[{'angry': 0.052041660994291306}, {'disgust': 0.0037297725211828947}, {'fear': 0.0018229782581329346}, {'happy': 0.9006248116493225}, {'sad': 0.00041580095421522856}, {'surprise': 0.0014805657556280494}, {'neutral': 0.03988447040319443}]"
98_0.jpg,happy,0.6054888367652893,"[{'angry': 0.029008960351347923}, {'disgust': 0.21554802358150482}, {'fear': 0.005488508380949497}, {'happy': 0.6054888367652893}, {'sad': 0.0072280955500900745}, {'surprise': 0.008428575471043587}, {'neutral': 0.12880897521972656}]"
99_0.jpg,neutral,0.4923624098300934,"[{'angry': 0.20036013424396515}, {'disgust': 0.007199993822723627}, {'fear': 0.0007233094074763358}, {'happy': 0.28145989775657654}, {'sad': 0.0016418184386566281}, {'surprise': 0.0162524227052927}, {'neutral': 0.4923624098300934}]"
102_0.jpg,angry,0.4708572328090668,"[{'angry': 0.4708572328090668}, {'disgust': 0.013183367438614368}, {'fear': 0.452229768037796}, {'happy': 0.04677760228514671}, {'sad': 0.0009948298102244735}, {'surprise': 0.0017777684843167663}, {'neutral': 0.014179420657455921}]"
103_0.jpg,happy,0.5884488821029663,"[{'angry': 0.16066020727157593}, {'disgust': 0.23276783525943756}, {'fear': 0.0013101563090458512}, {'happy': 0.5884488821029663}, {'sad': 0.007556045427918434}, {'surprise': 0.001971334917470813}, {'neutral': 0.007285552565008402}]"
103_1.jpg,angry,0.8280680775642395,"[{'angry': 0.8280680775642395}, {'disgust': 0.0007288023480214179}, {'fear': 0.002241711597889662}, {'happy': 0.018284020945429802}, {'sad': 0.03235218673944473}, {'surprise': 0.008513878099620342}, {'neutral': 0.10981135815382004}]"
104_0.jpg,neutral,0.9055113196372986,"[{'angry': 0.034176357090473175}, {'disgust': 0.003025972517207265}, {'fear': 0.00044731362140737474}, {'happy': 0.047008343040943146}, {'sad': 0.009129567071795464}, {'surprise': 0.0007011500420048833}, {'neutral': 0.9055113196372986}]"
105_0.jpg,happy,0.9873554110527039,"[{'angry': 0.0017874501645565033}, {'disgust': 0.007913462817668915}, {'fear': 0.00014105522132012993}, {'happy': 0.9873554110527039}, {'sad': 6.758886593161151e-05}, {'surprise': 0.002212151186540723}, {'neutral': 0.0005228416412137449}]"
105_1.jpg,neutral,0.5447937846183777,"[{'angry': 0.12215161323547363}, {'disgust': 0.06898707151412964}, {'fear': 8.82488748175092e-05}, {'happy': 0.25832492113113403}, {'sad': 0.004229748155921698}, {'surprise': 0.0014246675418689847}, {'neutral': 0.5447937846183777}]"
106_0.jpg,happy,0.9894383549690247,"[{'angry': 0.0021703424863517284}, {'disgust': 0.002128374297171831}, {'fear': 3.836909309029579e-05}, {'happy': 0.9894383549690247}, {'sad': 0.0038509792648255825}, {'surprise': 0.0005907738232053816}, {'neutral': 0.0017828615382313728}]"
106_1.jpg,happy,0.9046181440353394,"[{'angry': 0.03629709407687187}, {'disgust': 0.005301042925566435}, {'fear': 0.0013757282868027687}, {'happy': 0.9046181440353394}, {'sad': 0.00021855220256838948}, {'surprise': 0.02230549417436123}, {'neutral': 0.02988388016819954}]"
107_0.jpg,neutral,0.44202476739883423,"[{'angry': 0.00931214727461338}, {'disgust': 0.0007127297576516867}, {'fear': 0.001332482323050499}, {'happy': 0.10880566388368607}, {'sad': 0.0010611346224322915}, {'surprise': 0.4367510974407196}, {'neutral': 0.44202476739883423}]"
107_1.jpg,surprise,0.8842778205871582,"[{'angry': 0.0005150517099536955}, {'disgust': 0.00012336624786257744}, {'fear': 0.000879673520103097}, {'happy': 0.003915424458682537}, {'sad': 0.0007942372467368841}, {'surprise': 0.8842778205871582}, {'neutral': 0.10949436575174332}]"
107_2.jpg,neutral,0.7549055218696594,"[{'angry': 0.10508890450000763}, {'disgust': 0.014857539907097816}, {'fear': 0.009731302037835121}, {'happy': 0.005959911271929741}, {'sad': 0.05919008329510689}, {'surprise': 0.05026678740978241}, {'neutral': 0.7549055218696594}]"
108_0.jpg,sad,0.5057709813117981,"[{'angry': 0.010261787101626396}, {'disgust': 0.0002536660176701844}, {'fear': 0.0003529128443915397}, {'happy': 0.051261287182569504}, {'sad': 0.5057709813117981}, {'surprise': 0.02100023627281189}, {'neutral': 0.4110991954803467}]"
108_1.jpg,sad,0.844380259513855,"[{'angry': 0.09724096953868866}, {'disgust': 0.00014966289745643735}, {'fear': 0.003862988669425249}, {'happy': 0.0005629375809803605}, {'sad': 0.844380259513855}, {'surprise': 0.0017052890034392476}, {'neutral': 0.05209790915250778}]"
109_0.jpg,happy,0.48885464668273926,"[{'angry': 0.01731845550239086}, {'disgust': 0.07364155352115631}, {'fear': 0.00012209312990307808}, {'happy': 0.48885464668273926}, {'sad': 0.02355562523007393}, {'surprise': 0.00047406318481080234}, {'neutral': 0.39603355526924133}]"
109_1.jpg,happy,0.8305526971817017,"[{'angry': 0.022475389763712883}, {'disgust': 0.05211075022816658}, {'fear': 0.002085496671497822}, {'happy': 0.8305526971817017}, {'sad': 0.0017113159410655499}, {'surprise': 0.00742473965510726}, {'neutral': 0.08363962918519974}]"
109_2.jpg,happy,0.7977198362350464,"[{'angry': 0.03419427573680878}, {'disgust': 0.006339671555906534}, {'fear': 0.002628431422635913}, {'happy': 0.7977198362350464}, {'sad': 0.0007008505053818226}, {'surprise': 0.0019680156838148832}, {'neutral': 0.15644893050193787}]"
110_0.jpg,fear,0.9196910858154297,"[{'angry': 0.03918489068746567}, {'disgust': 0.0006010138313286006}, {'fear': 0.9196910858154297}, {'happy': 0.038085512816905975}, {'sad': 0.00019883085042238235}, {'surprise': 0.00012007288751192391}, {'neutral': 0.0021186103112995625}]"
110_1.jpg,happy,0.8647685050964355,"[{'angry': 0.009416655637323856}, {'disgust': 0.0022526306565850973}, {'fear': 0.11023295670747757}, {'happy': 0.8647685050964355}, {'sad': 0.0016095555620267987}, {'surprise': 0.00022401311434805393}, {'neutral': 0.011495692655444145}]"
110_2.jpg,fear,0.9962755441665649,"[{'angry': 0.001702696899883449}, {'disgust': 0.0004327043134253472}, {'fear': 0.9962755441665649}, {'happy': 0.0015048289205878973}, {'sad': 2.876347025448922e-05}, {'surprise': 6.437104275391903e-06}, {'neutral': 4.903093577013351e-05}]"
110_3.jpg,happy,0.6208629608154297,"[{'angry': 0.009463043883442879}, {'disgust': 0.001703388406895101}, {'fear': 0.009836110286414623}, {'happy': 0.6208629608154297}, {'sad': 0.1744190901517868}, {'surprise': 0.12864041328430176}, {'neutral': 0.05507504940032959}]"
110_4.jpg,happy,0.9109888076782227,"[{'angry': 0.013056631200015545}, {'disgust': 0.00017562764696776867}, {'fear': 0.0008017561049200594}, {'happy': 0.9109888076782227}, {'sad': 0.03356247767806053}, {'surprise': 0.0007591044413857162}, {'neutral': 0.04065561667084694}]"
111_0.jpg,happy,0.9865453839302063,"[{'angry': 0.002909526228904724}, {'disgust': 0.00701134605333209}, {'fear': 0.00042211968684569}, {'happy': 0.9865453839302063}, {'sad': 0.0005558035336434841}, {'surprise': 0.0009146093507297337}, {'neutral': 0.0016412233235314488}]"
112_0.jpg,surprise,0.5930415987968445,"[{'angry': 0.028375176712870598}, {'disgust': 0.029696213081479073}, {'fear': 0.032163653522729874}, {'happy': 0.05983765423297882}, {'sad': 0.21462583541870117}, {'surprise': 0.5930415987968445}, {'neutral': 0.04225992038846016}]"
112_1.jpg,neutral,0.6123768091201782,"[{'angry': 0.047955647110939026}, {'disgust': 0.0018696768674999475}, {'fear': 0.011242695152759552}, {'happy': 0.007973135448992252}, {'sad': 0.3152322471141815}, {'surprise': 0.0033498501870781183}, {'neutral': 0.6123768091201782}]"
112_2.jpg,angry,0.6648286581039429,"[{'angry': 0.6648286581039429}, {'disgust': 0.0385611392557621}, {'fear': 0.0019850642420351505}, {'happy': 0.0042701223865151405}, {'sad': 0.09169399738311768}, {'surprise': 0.0015517539577558637}, {'neutral': 0.19710920751094818}]"
112_3.jpg,disgust,0.45243552327156067,"[{'angry': 0.1608075499534607}, {'disgust': 0.45243552327156067}, {'fear': 0.01900564134120941}, {'happy': 0.03208903595805168}, {'sad': 0.015775498002767563}, {'surprise': 0.0004649752227123827}, {'neutral': 0.3194217085838318}]"
112_4.jpg,angry,0.6177229881286621,"[{'angry': 0.6177229881286621}, {'disgust': 3.225246837246232e-05}, {'fear': 2.566577904872247e-06}, {'happy': 0.0006688553839921951}, {'sad': 0.011081824079155922}, {'surprise': 1.6415189747931436e-05}, {'neutral': 0.3704751133918762}]"
112_5.jpg,angry,0.7757551074028015,"[{'angry': 0.7757551074028015}, {'disgust': 0.00821079220622778}, {'fear': 0.004465085919946432}, {'happy': 0.04820164293050766}, {'sad': 0.013825531117618084}, {'surprise': 0.00033374689519405365}, {'neutral': 0.14920808374881744}]"
114_0.jpg,happy,0.9512991309165955,"[{'angry': 0.021978281438350677}, {'disgust': 0.022065958008170128}, {'fear': 0.0012383051216602325}, {'happy': 0.9512991309165955}, {'sad': 5.68368450331036e-05}, {'surprise': 0.0004681098507717252}, {'neutral': 0.0028933859430253506}]"
115_0.jpg,happy,0.5389493703842163,"[{'angry': 0.0033748659770935774}, {'disgust': 0.0018400478875264525}, {'fear': 0.43719926476478577}, {'happy': 0.5389493703842163}, {'sad': 0.0008481633267365396}, {'surprise': 0.006653612479567528}, {'neutral': 0.011134644970297813}]"
117_0.jpg,happy,0.9150565266609192,"[{'angry': 0.02058611810207367}, {'disgust': 0.0031257078517228365}, {'fear': 0.006083107553422451}, {'happy': 0.9150565266609192}, {'sad': 0.0007229992188513279}, {'surprise': 0.02382601797580719}, {'neutral': 0.03059946373105049}]"
117_1.jpg,disgust,0.9274262189865112,"[{'angry': 0.0015881953295320272}, {'disgust': 0.9274262189865112}, {'fear': 0.03231078386306763}, {'happy': 0.029154470190405846}, {'sad': 0.0002226740907644853}, {'surprise': 0.00819319486618042}, {'neutral': 0.0011045513674616814}]"
117_2.jpg,fear,0.9038591980934143,"[{'angry': 0.04104354605078697}, {'disgust': 0.011960082687437534}, {'fear': 0.9038591980934143}, {'happy': 0.034596364945173264}, {'sad': 0.0009928167564794421}, {'surprise': 0.0003553448768798262}, {'neutral': 0.007192612159997225}]"
117_3.jpg,fear,0.6933000683784485,"[{'angry': 0.05492214486002922}, {'disgust': 0.2453630566596985}, {'fear': 0.6933000683784485}, {'happy': 0.0010563485557213426}, {'sad': 0.0017190936487168074}, {'surprise': 0.00031081269844435155}, {'neutral': 0.0033284525852650404}]"
117_4.jpg,neutral,0.43354615569114685,"[{'angry': 0.09684023261070251}, {'disgust': 0.002733745379373431}, {'fear': 0.19852353632450104}, {'happy': 0.06403880566358566}, {'sad': 0.13176581263542175}, {'surprise': 0.0725516825914383}, {'neutral': 0.43354615569114685}]"
117_5.jpg,happy,0.38033634424209595,"[{'angry': 0.30881527066230774}, {'disgust': 0.016552112996578217}, {'fear': 0.2556542754173279}, {'happy': 0.38033634424209595}, {'sad': 0.002825187984853983}, {'surprise': 0.0002869106247089803}, {'neutral': 0.03552987799048424}]"
117_6.jpg,happy,0.29480984807014465,"[{'angry': 0.08708510547876358}, {'disgust': 0.23221075534820557}, {'fear': 0.060653477907180786}, {'happy': 0.29480984807014465}, {'sad': 0.21723100543022156}, {'surprise': 0.02460104413330555}, {'neutral': 0.08340877294540405}]"
117_7.jpg,happy,0.8999372720718384,"[{'angry': 0.04822472855448723}, {'disgust': 0.00022018971503712237}, {'fear': 0.008375726640224457}, {'happy': 0.8999372720718384}, {'sad': 0.000425415753852576}, {'surprise': 0.00026488336152397096}, {'neutral': 0.042551781982183456}]"
118_0.jpg,neutral,0.8779257535934448,"[{'angry': 0.004817533772438765}, {'disgust': 0.006648307666182518}, {'fear': 0.02004474215209484}, {'happy': 0.07112705707550049}, {'sad': 0.007507305592298508}, {'surprise': 0.011929254978895187}, {'neutral': 0.8779257535934448}]"
119_0.jpg,happy,0.9908505082130432,"[{'angry': 0.002006873954087496}, {'disgust': 0.0004867202660534531}, {'fear': 0.00021535553969442844}, {'happy': 0.9908505082130432}, {'sad': 0.00293650827370584}, {'surprise': 0.001193098840303719}, {'neutral': 0.002310921438038349}]"
119_1.jpg,angry,0.9010047316551208,"[{'angry': 0.9010047316551208}, {'disgust': 0.0025073501747101545}, {'fear': 0.0011753354920074344}, {'happy': 0.0010713505325838923}, {'sad': 0.057933416217565536}, {'surprise': 0.00031840434530749917}, {'neutral': 0.03598947450518608}]"
120_0.jpg,happy,0.9913716316223145,"[{'angry': 0.0031434353440999985}, {'disgust': 0.0001311001251451671}, {'fear': 0.0023155405651777983}, {'happy': 0.9913716316223145}, {'sad': 6.875646795378998e-05}, {'surprise': 0.0024475683458149433}, {'neutral': 0.0005220069433562458}]"
121_0.jpg,neutral,0.6750887036323547,"[{'angry': 0.0994969829916954}, {'disgust': 0.06526584923267365}, {'fear': 0.0018129564123228192}, {'happy': 0.1117497980594635}, {'sad': 0.0324188694357872}, {'surprise': 0.01416683103889227}, {'neutral': 0.6750887036323547}]"
122_0.jpg,happy,0.4742077589035034,"[{'angry': 0.026002077385783195}, {'disgust': 0.28698599338531494}, {'fear': 0.020145121961832047}, {'happy': 0.4742077589035034}, {'sad': 0.012856942601501942}, {'surprise': 0.003414134494960308}, {'neutral': 0.17638792097568512}]"
122_1.jpg,neutral,0.7567111253738403,"[{'angry': 0.08540865778923035}, {'disgust': 0.014411388896405697}, {'fear': 0.000143089157063514}, {'happy': 0.055618561804294586}, {'sad': 0.04167091101408005}, {'surprise': 0.04603629559278488}, {'neutral': 0.7567111253738403}]"
123_0.jpg,angry,0.3543645441532135,"[{'angry': 0.3543645441532135}, {'disgust': 0.05873376876115799}, {'fear': 0.3005909323692322}, {'happy': 0.1831679344177246}, {'sad': 0.01005709357559681}, {'surprise': 0.007680161856114864}, {'neutral': 0.0854056179523468}]"
124_0.jpg,neutral,0.7794455289840698,"[{'angry': 0.14097388088703156}, {'disgust': 0.00481204129755497}, {'fear': 0.0021712882444262505}, {'happy': 0.05830257758498192}, {'sad': 0.012944962829351425}, {'surprise': 0.001349664875306189}, {'neutral': 0.7794455289840698}]"
125_0.jpg,surprise,0.49883216619491577,"[{'angry': 0.04243266582489014}, {'disgust': 0.00676798727363348}, {'fear': 0.011739866808056831}, {'happy': 0.12918952107429504}, {'sad': 0.003032887354493141}, {'surprise': 0.49883216619491577}, {'neutral': 0.3080049455165863}]"
125_1.jpg,surprise,0.4636578857898712,"[{'angry': 0.0060372669249773026}, {'disgust': 0.016113735735416412}, {'fear': 0.0014150073984637856}, {'happy': 0.40401774644851685}, {'sad': 0.0017730836989358068}, {'surprise': 0.4636578857898712}, {'neutral': 0.1069851815700531}]"
125_2.jpg,neutral,0.8323804140090942,"[{'angry': 0.0034177734050899744}, {'disgust': 0.00040489694220013916}, {'fear': 0.0008855231571942568}, {'happy': 0.11174673587083817}, {'sad': 0.0014935154467821121}, {'surprise': 0.049671147018671036}, {'neutral': 0.8323804140090942}]"
126_0.jpg,neutral,0.711919903755188,"[{'angry': 0.06855365633964539}, {'disgust': 0.001537019619718194}, {'fear': 0.0007007258245721459}, {'happy': 0.16970796883106232}, {'sad': 0.046610813587903976}, {'surprise': 0.0009699086076579988}, {'neutral': 0.711919903755188}]"
126_1.jpg,happy,0.9844270348548889,"[{'angry': 0.0005914204521104693}, {'disgust': 0.00018642644863575697}, {'fear': 0.0006751599721610546}, {'happy': 0.9844270348548889}, {'sad': 0.001977600622922182}, {'surprise': 0.0007421856862492859}, {'neutral': 0.011400081217288971}]"
126_2.jpg,happy,0.44173115491867065,"[{'angry': 0.03128306567668915}, {'disgust': 0.011027606204152107}, {'fear': 0.0013055915478616953}, {'happy': 0.44173115491867065}, {'sad': 0.0016633113846182823}, {'surprise': 0.28387147188186646}, {'neutral': 0.2291177660226822}]"
127_0.jpg,neutral,0.7427691221237183,"[{'angry': 0.09567370265722275}, {'disgust': 0.0007154528866522014}, {'fear': 0.0006023160531185567}, {'happy': 0.11023533344268799}, {'sad': 0.048251789063215256}, {'surprise': 0.001752284006215632}, {'neutral': 0.7427691221237183}]"
128_0.jpg,happy,0.8945752382278442,"[{'angry': 0.0040636514313519}, {'disgust': 0.0392284132540226}, {'fear': 0.0004398053279146552}, {'happy': 0.8945752382278442}, {'sad': 0.0032676716800779104}, {'surprise': 0.04007304459810257}, {'neutral': 0.018352210521697998}]"
128_1.jpg,happy,0.8949293494224548,"[{'angry': 0.008829771541059017}, {'disgust': 0.008626324124634266}, {'fear': 0.0008056345395743847}, {'happy': 0.8949293494224548}, {'sad': 0.0008568103658035398}, {'surprise': 0.04902324452996254}, {'neutral': 0.03692885488271713}]"
129_0.jpg,happy,0.891689658164978,"[{'angry': 0.044493500143289566}, {'disgust': 0.04658164083957672}, {'fear': 0.0011373411398380995}, {'happy': 0.891689658164978}, {'sad': 0.0009159284527413547}, {'surprise': 0.004212718456983566}, {'neutral': 0.010969214141368866}]"
129_1.jpg,happy,0.9831845164299011,"[{'angry': 0.001424805843271315}, {'disgust': 0.0060418457724153996}, {'fear': 7.852711132727563e-05}, {'happy': 0.9831845164299011}, {'sad': 0.000187780344276689}, {'surprise': 0.00031995074823498726}, {'neutral': 0.00876258872449398}]"
130_0.jpg,happy,0.9200862050056458,"[{'angry': 0.031053952872753143}, {'disgust': 0.002510764403268695}, {'fear': 0.0002774352615233511}, {'happy': 0.9200862050056458}, {'sad': 0.0011065166909247637}, {'surprise': 0.006337763275951147}, {'neutral': 0.03862734138965607}]"
131_0.jpg,happy,0.6365932822227478,"[{'angry': 0.004903967026621103}, {'disgust': 0.0005648499354720116}, {'fear': 0.0005423226393759251}, {'happy': 0.6365932822227478}, {'sad': 0.0004232104402035475}, {'surprise': 0.0165559109300375}, {'neutral': 0.34041643142700195}]"
131_1.jpg,happy,0.9864575266838074,"[{'angry': 0.00025468977401033044}, {'disgust': 0.0004165602149441838}, {'fear': 4.022002394776791e-05}, {'happy': 0.9864575266838074}, {'sad': 1.0475273484189529e-05}, {'surprise': 0.009670225903391838}, {'neutral': 0.0031503497157245874}]"
131_2.jpg,happy,0.9900499582290649,"[{'angry': 0.002410184359177947}, {'disgust': 0.0022492315620183945}, {'fear': 3.542697595548816e-05}, {'happy': 0.9900499582290649}, {'sad': 4.461472144612344e-06}, {'surprise': 0.0007123391260392964}, {'neutral': 0.004538321867585182}]"
131_3.jpg,neutral,0.858513355255127,"[{'angry': 0.0030371914617717266}, {'disgust': 0.014498504810035229}, {'fear': 0.012378080748021603}, {'happy': 0.07305610924959183}, {'sad': 0.03748788684606552}, {'surprise': 0.0010288143530488014}, {'neutral': 0.858513355255127}]"
131_4.jpg,happy,0.5553325414657593,"[{'angry': 0.4003693163394928}, {'disgust': 0.000273309153271839}, {'fear': 0.0014992626383900642}, {'happy': 0.5553325414657593}, {'sad': 0.0001496377808507532}, {'surprise': 0.020639728754758835}, {'neutral': 0.02173619158565998}]"
131_5.jpg,neutral,0.8447380065917969,"[{'angry': 0.11019288748502731}, {'disgust': 0.00024136605497915298}, {'fear': 0.0016520776553079486}, {'happy': 0.008105946704745293}, {'sad': 0.03274734690785408}, {'surprise': 0.0023223604075610638}, {'neutral': 0.8447380065917969}]"
131_6.jpg,surprise,0.38654813170433044,"[{'angry': 0.17286694049835205}, {'disgust': 0.006421710830181837}, {'fear': 0.005602614022791386}, {'happy': 0.17050212621688843}, {'sad': 0.006039287429302931}, {'surprise': 0.38654813170433044}, {'neutral': 0.25201916694641113}]"
131_7.jpg,happy,0.4839728772640228,"[{'angry': 0.26985251903533936}, {'disgust': 0.016824346035718918}, {'fear': 0.09455332905054092}, {'happy': 0.4839728772640228}, {'sad': 0.01541886106133461}, {'surprise': 0.04658496007323265}, {'neutral': 0.07279310375452042}]"
131_8.jpg,happy,0.7621335387229919,"[{'angry': 0.02349616028368473}, {'disgust': 0.0037962691858410835}, {'fear': 0.00820593349635601}, {'happy': 0.7621335387229919}, {'sad': 0.0007888991385698318}, {'surprise': 0.0008893455378711224}, {'neutral': 0.2006899118423462}]"
131_9.jpg,happy,0.38721776008605957,"[{'angry': 0.009022300131618977}, {'disgust': 0.36596453189849854}, {'fear': 0.12001555413007736}, {'happy': 0.38721776008605957}, {'sad': 0.024862254038453102}, {'surprise': 0.0037902093026787043}, {'neutral': 0.08912750333547592}]"
131_10.jpg,happy,0.6718965768814087,"[{'angry': 0.016559762880206108}, {'disgust': 0.04997652396559715}, {'fear': 0.011025624349713326}, {'happy': 0.6718965768814087}, {'sad': 0.022957591339945793}, {'surprise': 0.0417809821665287}, {'neutral': 0.18580296635627747}]"
133_0.jpg,happy,0.994063675403595,"[{'angry': 0.00046400929568335414}, {'disgust': 0.0002952892682515085}, {'fear': 0.0007235805387608707}, {'happy': 0.994063675403595}, {'sad': 0.0004791537066921592}, {'surprise': 0.00014222094614524394}, {'neutral': 0.0038320710882544518}]"
134_0.jpg,happy,0.46986863017082214,"[{'angry': 0.09402288496494293}, {'disgust': 0.00035075683263130486}, {'fear': 0.0003530376998241991}, {'happy': 0.46986863017082214}, {'sad': 0.002417862182483077}, {'surprise': 0.07226046919822693}, {'neutral': 0.36072635650634766}]"
134_1.jpg,angry,0.6511437296867371,"[{'angry': 0.6511437296867371}, {'disgust': 0.0013250889023765922}, {'fear': 9.167748066829517e-05}, {'happy': 0.0006549226818606257}, {'sad': 0.0027640187181532383}, {'surprise': 0.0009638378396630287}, {'neutral': 0.34305664896965027}]"
134_2.jpg,happy,0.873969554901123,"[{'angry': 0.022843031212687492}, {'disgust': 0.009662291966378689}, {'fear': 0.005776674021035433}, {'happy': 0.873969554901123}, {'sad': 0.061454955488443375}, {'surprise': 0.007484227418899536}, {'neutral': 0.018809331580996513}]"
134_3.jpg,happy,0.7739062905311584,"[{'angry': 0.044407762587070465}, {'disgust': 0.11549504101276398}, {'fear': 0.0037434797268360853}, {'happy': 0.7739062905311584}, {'sad': 0.02470633015036583}, {'surprise': 0.0030625974759459496}, {'neutral': 0.03467849642038345}]"
134_4.jpg,angry,0.5603469610214233,"[{'angry': 0.5603469610214233}, {'disgust': 0.12966448068618774}, {'fear': 0.05396299436688423}, {'happy': 0.07965778559446335}, {'sad': 0.005478913430124521}, {'surprise': 0.001027177320793271}, {'neutral': 0.16986162960529327}]"
135_0.jpg,neutral,0.4075133502483368,"[{'angry': 0.16087934374809265}, {'disgust': 0.002378432545810938}, {'fear': 0.0001682828296907246}, {'happy': 0.40026628971099854}, {'sad': 0.008167201653122902}, {'surprise': 0.02062704972922802}, {'neutral': 0.4075133502483368}]"
136_0.jpg,happy,0.9357337355613708,"[{'angry': 0.03463606908917427}, {'disgust': 0.00016477731696795672}, {'fear': 0.014511500485241413}, {'happy': 0.9357337355613708}, {'sad': 0.00045638909796252847}, {'surprise': 0.0053278300911188126}, {'neutral': 0.009169718250632286}]"
137_0.jpg,disgust,0.9094369411468506,"[{'angry': 0.04628848284482956}, {'disgust': 0.9094369411468506}, {'fear': 0.004842165391892195}, {'happy': 0.031796906143426895}, {'sad': 0.0016081803478300571}, {'surprise': 0.0004931353032588959}, {'neutral': 0.0055342079140245914}]"
137_1.jpg,angry,0.7613599896430969,"[{'angry': 0.7613599896430969}, {'disgust': 0.09631755203008652}, {'fear': 0.027452846989035606}, {'happy': 0.03596140816807747}, {'sad': 0.0074125006794929504}, {'surprise': 0.0005640611634589732}, {'neutral': 0.07093170285224915}]"
138_0.jpg,angry,0.4345606863498688,"[{'angry': 0.4345606863498688}, {'disgust': 0.0003512177208904177}, {'fear': 0.002790087601169944}, {'happy': 0.3839985728263855}, {'sad': 0.0002624107291921973}, {'surprise': 0.0010891808196902275}, {'neutral': 0.1769479215145111}]"
139_0.jpg,happy,0.957747220993042,"[{'angry': 0.0011390902800485492}, {'disgust': 0.03883519396185875}, {'fear': 0.00011955728405155241}, {'happy': 0.957747220993042}, {'sad': 0.00037306698504835367}, {'surprise': 0.0010361786698922515}, {'neutral': 0.0007496156031265855}]"
143_0.jpg,happy,0.6746498346328735,"[{'angry': 0.010035020299255848}, {'disgust': 0.0004941068473272026}, {'fear': 0.00015781221736688167}, {'happy': 0.6746498346328735}, {'sad': 0.0028595703188329935}, {'surprise': 0.00023948252783156931}, {'neutral': 0.3115640878677368}]"
144_0.jpg,angry,0.8368740677833557,"[{'angry': 0.8368740677833557}, {'disgust': 0.14303439855575562}, {'fear': 0.00036140941665507853}, {'happy': 0.00283217360265553}, {'sad': 0.0020294501446187496}, {'surprise': 0.0002635698765516281}, {'neutral': 0.014604817144572735}]"
145_0.jpg,neutral,0.6411893367767334,"[{'angry': 0.32389095425605774}, {'disgust': 0.020271623507142067}, {'fear': 0.004780435003340244}, {'happy': 0.002661608625203371}, {'sad': 0.0070176334120333195}, {'surprise': 0.00018840156553778797}, {'neutral': 0.6411893367767334}]"
145_1.jpg,fear,0.43623512983322144,"[{'angry': 0.3324512243270874}, {'disgust': 0.060684576630592346}, {'fear': 0.43623512983322144}, {'happy': 0.010247080586850643}, {'sad': 0.009652751497924328}, {'surprise': 0.0003553121932782233}, {'neutral': 0.15037398040294647}]"
145_2.jpg,neutral,0.8603264689445496,"[{'angry': 0.12565317749977112}, {'disgust': 0.0013363345060497522}, {'fear': 0.0008538392721675336}, {'happy': 0.0019579024519771338}, {'sad': 0.0016285654855892062}, {'surprise': 0.00824367068707943}, {'neutral': 0.8603264689445496}]"
145_3.jpg,neutral,0.8028596639633179,"[{'angry': 0.0815940797328949}, {'disgust': 0.01427172590047121}, {'fear': 0.00018309448205400258}, {'happy': 0.035677146166563034}, {'sad': 0.012872395105659962}, {'surprise': 0.0525418259203434}, {'neutral': 0.8028596639633179}]"
146_0.jpg,neutral,0.9798857569694519,"[{'angry': 0.0077867647632956505}, {'disgust': 0.000498762761708349}, {'fear': 9.402695286553353e-05}, {'happy': 0.002159202005714178}, {'sad': 0.009113640524446964}, {'surprise': 0.00046181579818949103}, {'neutral': 0.9798857569694519}]"
146_1.jpg,neutral,0.41438886523246765,"[{'angry': 0.1929195672273636}, {'disgust': 0.012127789668738842}, {'fear': 0.02426471933722496}, {'happy': 0.33414962887763977}, {'sad': 0.016094956547021866}, {'surprise': 0.006054493598639965}, {'neutral': 0.41438886523246765}]"
146_2.jpg,happy,0.7865963578224182,"[{'angry': 0.01689702644944191}, {'disgust': 0.00037142130895517766}, {'fear': 0.0009673551539890468}, {'happy': 0.7865963578224182}, {'sad': 0.09360542893409729}, {'surprise': 0.002308919560164213}, {'neutral': 0.09925347566604614}]"
147_0.jpg,happy,0.6904297471046448,"[{'angry': 0.035532716661691666}, {'disgust': 0.09488926827907562}, {'fear': 0.002254293067380786}, {'happy': 0.6904297471046448}, {'sad': 0.006963768973946571}, {'surprise': 0.0010124293621629477}, {'neutral': 0.16891777515411377}]"
148_0.jpg,happy,0.8234074115753174,"[{'angry': 0.0048210700042545795}, {'disgust': 0.052562203258275986}, {'fear': 0.01314674224704504}, {'happy': 0.8234074115753174}, {'sad': 0.0015129180392250419}, {'surprise': 0.006054616533219814}, {'neutral': 0.09849511831998825}]"
148_1.jpg,disgust,0.6098406910896301,"[{'angry': 0.0013597842771559954}, {'disgust': 0.6098406910896301}, {'fear': 0.007907221093773842}, {'happy': 0.2198641151189804}, {'sad': 0.00023180815333034843}, {'surprise': 0.005774837918579578}, {'neutral': 0.1550215780735016}]"
149_0.jpg,neutral,0.5412318110466003,"[{'angry': 0.000981535529717803}, {'disgust': 4.074435855727643e-05}, {'fear': 0.000851354852784425}, {'happy': 0.11327659338712692}, {'sad': 0.12118685245513916}, {'surprise': 0.22243110835552216}, {'neutral': 0.5412318110466003}]"
